{"cameraMode":{"drawMode":0,"name":"Shaded","section":"Shading Mode"},"sceneLighting":true,"audioPlay":false,"sceneViewState":{"showFog":true,"showMaterialUpdate":false,"showSkybox":true,"showFlares":true,"showImageEffects":true,"showParticleSystems":true},"in2DMode":false,"pivot":{"x":426.7991638183594,"y":316.85107421875,"z":-909.2640380859375},"rotation":{"x":-0.024842070415616037,"y":0.9684248566627502,"z":-0.22349369525909425,"w":-0.10764379054307938},"size":1915.6292724609375,"orthographic":false}