{"cameraMode":{"drawMode":0,"name":"Shaded","section":"Shading Mode"},"sceneLighting":true,"audioPlay":false,"sceneViewState":{"showFog":true,"showMaterialUpdate":true,"showSkybox":true,"showFlares":true,"showImageEffects":true,"showParticleSystems":true},"in2DMode":false,"pivot":{"x":49.33120346069336,"y":-7.146575927734375,"z":-16.029170989990236},"rotation":{"x":-0.23264539241790772,"y":-0.7148312330245972,"z":0.28892549872398379,"w":-0.5936130881309509},"size":49.35614776611328,"orthographic":false}