{"cameraMode":{"drawMode":0,"name":"Shaded","section":"Shading Mode"},"sceneLighting":true,"audioPlay":false,"sceneViewState":{"showFog":true,"showMaterialUpdate":false,"showSkybox":true,"showFlares":true,"showImageEffects":true,"showParticleSystems":true},"in2DMode":false,"pivot":{"x":449.97381591796877,"y":163.71652221679688,"z":-65.91998291015625},"rotation":{"x":-0.029690546914935113,"y":-0.03328241407871246,"z":0.0009682847303338349,"w":-0.9990274906158447},"size":754.9532470703125,"orthographic":false}